-- MySQL dump 10.13  Distrib 5.7.17, for macos10.12 (x86_64)
--
-- Host: localhost    Database: finance2019
-- ------------------------------------------------------
-- Server version	5.7.17

/*!40101 SET @OLD_CHARACTER_SET_CLIENT=@@CHARACTER_SET_CLIENT */;
/*!40101 SET @OLD_CHARACTER_SET_RESULTS=@@CHARACTER_SET_RESULTS */;
/*!40101 SET @OLD_COLLATION_CONNECTION=@@COLLATION_CONNECTION */;
/*!40101 SET NAMES utf8 */;
/*!40103 SET @OLD_TIME_ZONE=@@TIME_ZONE */;
/*!40103 SET TIME_ZONE='+00:00' */;
/*!40014 SET @OLD_UNIQUE_CHECKS=@@UNIQUE_CHECKS, UNIQUE_CHECKS=0 */;
/*!40014 SET @OLD_FOREIGN_KEY_CHECKS=@@FOREIGN_KEY_CHECKS, FOREIGN_KEY_CHECKS=0 */;
/*!40101 SET @OLD_SQL_MODE=@@SQL_MODE, SQL_MODE='NO_AUTO_VALUE_ON_ZERO' */;
/*!40111 SET @OLD_SQL_NOTES=@@SQL_NOTES, SQL_NOTES=0 */;

--
-- Table structure for table `checks`
--

DROP TABLE IF EXISTS `checks`;
/*!40101 SET @saved_cs_client     = @@character_set_client */;
/*!40101 SET character_set_client = utf8 */;
CREATE TABLE `checks` (
  `id` int(11) NOT NULL AUTO_INCREMENT,
  `date` date DEFAULT NULL,
  `contragent` int(11) DEFAULT NULL,
  `type` int(11) DEFAULT NULL,
  `sum` int(11) DEFAULT NULL,
  PRIMARY KEY (`id`)
) ENGINE=InnoDB AUTO_INCREMENT=484 DEFAULT CHARSET=utf8;
/*!40101 SET character_set_client = @saved_cs_client */;

--
-- Dumping data for table `checks`
--

LOCK TABLES `checks` WRITE;
/*!40000 ALTER TABLE `checks` DISABLE KEYS */;
INSERT INTO `checks` VALUES (31,'2019-10-06',18,2,500),(32,'2019-09-09',18,2,100276),(33,'2019-10-03',19,2,3200),(34,'2019-10-08',20,2,13000),(35,'2019-10-07',20,2,13700),(36,'2019-10-08',19,2,10700),(37,'2019-10-04',18,2,15615),(38,'2019-10-03',20,2,12900),(39,'2019-10-02',18,2,39697),(40,'2019-10-04',21,2,13900),(41,'2019-10-02',21,2,89900),(42,'2019-09-12',22,2,11300),(43,'2019-09-22',19,2,12000),(44,'2019-09-13',20,2,7500),(45,'2019-09-12',20,2,5500),(46,'2019-09-02',20,2,22800),(47,'2019-09-30',19,2,4000),(48,'2019-09-02',19,2,43300),(49,'2019-08-30',19,2,6400),(50,'2019-08-29',18,2,54150),(51,'2019-08-30',20,2,41800),(52,'2019-09-01',20,2,6500),(53,'2019-09-02',20,2,7900),(54,'2019-09-02',18,2,22985),(55,'2019-09-04',20,2,17900),(56,'2019-09-03',20,2,6500),(57,'2019-09-05',18,2,94988),(58,'2019-09-06',18,2,43794),(59,'2019-09-08',20,2,4900),(60,'2019-09-09',20,2,3700),(61,'2019-09-09',23,2,1500),(62,'2019-09-09',19,2,6300),(63,'2019-09-09',20,2,9500),(64,'2019-09-08',19,2,4200),(65,'2019-09-11',18,2,94604),(66,'2019-09-13',18,2,120256),(67,'2019-09-13',22,2,3200),(68,'2019-09-15',19,2,14300),(69,'2019-09-02',21,2,7070),(70,'2019-10-06',18,2,88820),(71,'2019-09-16',18,2,79112),(72,'2019-09-16',24,2,3800),(73,'2019-09-26',25,2,5000),(74,'2019-09-17',19,2,7000),(75,'2019-09-27',26,2,174550),(76,'2019-09-26',21,2,34900),(77,'2019-09-24',20,2,3000),(78,'2019-09-30',18,2,77526),(79,'2019-09-23',26,2,27950),(80,'2019-09-26',18,2,76388),(81,'2019-09-23',27,2,69000),(82,'2019-10-01',20,2,4100),(83,'2019-10-01',20,2,6500),(84,'2019-09-29',19,2,21600),(85,'2019-09-29',20,2,5600),(86,'2019-09-27',18,2,22197),(87,'2019-09-28',19,2,4200),(88,'2019-09-27',21,2,38800),(89,'2019-09-22',18,2,26457),(90,'2019-09-02',21,2,122800),(91,'2019-09-25',18,2,1299),(92,'2019-09-16',23,2,8500),(93,'2019-10-09',19,2,4200),(94,'2019-09-19',18,2,101092),(95,'2019-09-19',18,2,500),(96,'2019-09-20',20,2,12500),(97,'2019-09-20',20,2,400),(98,'2019-09-17',20,2,22800),(99,'2019-09-20',19,2,4500),(100,'2019-10-09',20,2,15300),(102,'2019-09-20',19,2,5500),(103,'2019-09-04',20,2,6500),(104,'2019-09-16',23,2,5500),(105,'2019-09-19',26,2,53700),(106,'2019-09-18',28,2,9640),(107,'2019-09-20',20,2,3000),(108,'2019-09-18',28,2,30400),(109,'2019-09-05',24,2,12000),(110,'2019-08-30',29,4,300000),(111,'2019-09-07',29,4,100000),(113,'2019-09-09',29,4,500000),(114,'2019-10-09',27,2,29000),(115,'2019-10-09',18,2,62923),(116,'2019-09-09',30,5,300000),(117,'2019-09-10',31,5,655489),(118,'2019-09-26',29,4,2000000),(119,'2019-09-27',32,2,1100000),(120,'2019-08-30',34,2,299000),(121,'2019-09-01',35,2,6533),(122,'2019-09-20',36,5,22),(123,'2019-09-20',36,5,2900),(124,'2019-09-20',36,5,22),(125,'2019-09-20',36,2,5859),(126,'2019-09-26',36,2,5000),(127,'2019-09-26',37,2,45000),(128,'2019-09-30',36,2,4941),(129,'2019-10-01',40,2,5900),(130,'2019-10-04',35,2,6332),(131,'2019-10-05',36,2,601),(132,'2019-09-09',33,2,188800),(133,'2019-09-06',18,2,38794),(134,'2019-09-07',34,2,50000),(135,'2019-09-13',21,2,11990),(136,'2019-09-13',22,2,12200),(137,'2019-09-14',38,2,10000),(138,'2019-09-15',28,2,47500),(139,'2019-09-18',41,2,300000),(140,'2019-09-20',42,2,3000),(142,'2019-09-26',36,2,39600),(143,'2019-10-03',34,2,10000),(145,'2019-09-27',38,2,100000),(146,'2019-10-03',34,2,10000),(147,'2019-10-06',43,4,100000),(148,'2019-10-07',31,5,401755),(149,'2019-10-08',29,4,200000),(150,'2019-10-08',44,2,72238),(151,'2019-10-09',43,3,100000),(152,'2019-10-09',19,2,4000),(153,'2019-10-15',19,2,4000),(155,'2019-10-13',18,2,37462),(156,'2019-10-14',27,2,1600),(157,'2019-10-13',21,2,20400),(158,'2019-10-13',20,2,400),(159,'2019-10-13',20,2,32200),(160,'2019-10-12',20,2,25500),(161,'2019-10-11',19,2,4300),(162,'2019-10-11',19,2,8500),(163,'2019-10-11',20,2,3400),(164,'2019-10-11',20,2,10200),(165,'2019-10-14',18,2,13896),(166,'2019-10-10',18,2,12218),(167,'2019-10-10',23,2,800),(168,'2019-10-11',30,5,200000),(169,'2019-10-16',25,2,4400),(170,'2019-10-15',20,2,6100),(171,'2019-10-16',46,2,43800),(172,'2019-10-16',25,2,57000),(173,'2019-10-16',28,2,65400),(176,'2019-10-14',33,2,247100),(177,'2019-10-15',45,1,187900),(178,'2019-10-12',47,1,63855),(179,'2019-10-14',48,7,26000),(180,'2019-10-16',48,7,20000),(181,'2019-10-19',26,2,94100),(182,'2019-10-19',18,2,93712),(183,'2019-10-18',18,2,63607),(184,'2019-10-18',48,4,100000),(185,'2019-10-19',48,4,200000),(186,'2019-08-28',49,9,599670),(187,'2019-08-28',49,2,32951),(188,'2019-09-30',19,2,100000),(189,'2019-10-10',19,2,45431),(190,'2019-10-23',20,2,16000),(191,'2019-10-22',47,1,29601),(192,'2019-10-22',37,2,30199),(193,'2019-10-24',19,2,4000),(194,'2019-10-23',19,2,4000),(195,'2019-10-21',28,2,74700),(196,'2019-10-21',50,2,5000),(197,'2019-10-21',18,2,39594),(198,'2019-10-24',20,2,12300),(199,'2019-10-24',20,2,7100),(200,'2019-10-24',48,4,200000),(201,'2019-10-24',18,2,48098),(202,'2019-10-26',21,2,32500),(203,'2019-10-26',18,2,7009),(204,'2019-10-26',21,2,6000),(205,'2019-10-27',20,2,6100),(206,'2019-10-27',19,2,4100),(207,'2019-10-27',19,2,8000),(208,'2019-10-27',29,4,50000),(209,'2019-10-27',36,2,39800),(210,'2019-10-26',48,4,40000),(211,'2019-10-24',20,2,7100),(212,'2019-10-24',20,2,12300),(213,'2019-10-21',42,2,3000),(214,'2019-10-27',49,9,3364),(215,'2019-10-28',19,2,7200),(216,'2019-10-29',19,2,4000),(217,'2019-10-29',20,2,3500),(218,'2019-10-20',36,2,9326),(220,'2019-11-05',20,2,7200),(221,'2019-11-01',27,2,8000),(222,'2019-10-30',21,2,33400),(223,'2019-11-01',18,2,37886),(224,'2019-11-03',19,2,10000),(225,'2019-11-01',46,2,51900),(226,'2019-11-02',20,2,11000),(227,'2019-11-03',18,2,12911),(228,'2019-10-30',18,2,58861),(229,'2019-11-12',51,1,100000),(230,'2019-11-12',20,2,3600),(231,'2019-11-12',19,2,11800),(232,'2019-11-12',19,2,4000),(233,'2019-11-12',20,2,7400),(234,'2019-11-14',20,2,13300),(235,'2019-11-15',19,2,4000),(236,'2019-11-14',32,2,1100000),(237,'2019-11-14',52,4,1375600),(238,'2019-11-16',20,2,9000),(239,'2019-11-16',20,2,15700),(240,'2019-11-17',19,2,4000),(241,'2019-11-08',19,2,4000),(242,'2019-11-12',25,2,5000),(243,'2019-11-13',18,2,58300),(244,'2019-11-11',20,2,7900),(245,'2019-11-10',20,2,6800),(246,'2019-11-08',19,2,8300),(247,'2019-11-08',25,2,181300),(248,'2019-11-17',20,2,21500),(249,'2019-11-08',23,2,4500),(250,'2019-11-08',53,2,18000),(251,'2019-11-07',19,2,4000),(252,'2019-11-08',18,2,16528),(253,'2019-11-06',20,2,5500),(254,'2019-11-06',19,2,3300),(255,'2019-11-06',21,2,79900),(256,'2019-11-05',20,2,10900),(257,'2019-11-06',18,2,97284),(258,'2019-11-06',48,7,35000),(259,'2019-11-08',48,4,50000),(260,'2019-11-10',48,4,10000),(261,'2019-11-11',48,4,2000),(262,'2019-11-12',48,4,3000),(263,'2019-11-06',45,1,350000),(264,'2019-10-30',29,4,100000),(265,'2019-10-31',29,4,300000),(266,'2019-11-01',21,2,58800),(267,'2019-11-04',35,2,6332),(268,'2019-11-12',48,7,10000),(269,'2019-11-17',19,2,44213),(270,'2019-11-18',51,1,100000),(271,'2019-11-18',21,2,8300),(272,'2019-11-18',18,2,114752),(273,'2019-11-18',48,7,20000),(274,'2019-11-18',19,2,4000),(275,'2019-11-19',19,2,4000),(276,'2019-11-20',39,2,15000),(277,'2019-11-20',37,2,30000),(278,'2019-11-20',19,2,13900),(279,'2019-11-20',20,2,3600),(280,'2019-11-21',20,2,8600),(281,'2019-11-21',19,2,4000),(282,'2019-11-23',20,2,8600),(283,'2019-11-23',19,2,4000),(284,'2019-11-20',20,2,11400),(285,'2019-12-14',18,2,57619),(286,'2019-12-14',46,2,35700),(287,'2019-11-25',18,2,42660),(288,'2019-11-27',18,2,15571),(289,'2019-12-20',20,2,4100),(290,'2019-12-18',55,2,4120),(291,'2019-12-18',28,2,25800),(292,'2019-12-18',50,2,16400),(293,'2019-12-18',20,2,3600),(294,'2019-12-18',18,2,60515),(295,'2019-12-23',18,2,49414),(296,'2019-12-21',19,2,3200),(297,'2019-12-20',20,2,17900),(298,'2019-12-20',18,2,75144),(299,'2019-12-23',28,2,35000),(300,'2019-12-23',50,2,10000),(301,'2019-12-15',20,2,11300),(302,'2019-12-16',20,2,16300),(303,'2019-12-23',28,2,25800),(304,'2019-12-18',21,2,8090),(305,'2019-12-19',20,2,7000),(306,'2019-12-19',20,2,3700),(307,'2019-12-18',21,2,3180),(308,'2019-12-02',21,2,28890),(309,'2019-12-13',18,2,44082),(310,'2019-11-20',18,2,50701),(311,'2019-12-12',20,2,7500),(312,'2019-12-31',18,2,225149),(313,'2019-12-27',28,2,33000),(314,'2019-12-26',28,2,25800),(315,'2019-12-25',28,2,31000),(316,'2019-12-31',53,2,220000),(317,'2019-12-30',18,2,28999),(318,'2019-11-22',18,2,50034),(319,'2019-12-26',28,2,25800),(320,'2019-12-30',28,2,25800),(321,'2019-12-29',18,2,152526),(322,'2019-12-28',50,2,10000),(323,'2019-12-29',23,2,69000),(324,'2019-12-28',46,2,500),(325,'2019-12-28',46,2,58600),(326,'2019-12-29',46,2,13800),(327,'2019-12-31',20,2,7500),(328,'2019-12-31',21,2,6877),(329,'2019-12-31',18,2,11999),(330,'2019-12-25',20,2,12600),(331,'2019-12-26',50,2,20000),(332,'2019-12-28',20,2,6700),(333,'2019-12-30',28,2,25800),(334,'2019-12-24',50,2,10000),(335,'2019-12-27',28,2,25800),(336,'2019-12-24',21,2,44590),(337,'2019-12-24',18,2,46610),(338,'2019-12-26',18,2,63901),(339,'2019-12-24',28,2,31000),(340,'2019-12-09',18,2,7009),(341,'2019-11-24',18,2,12100),(342,'2019-12-07',18,2,237101),(343,'2019-12-03',20,2,3100),(344,'2019-12-09',18,2,1640),(345,'2019-12-02',27,2,10000),(346,'2019-11-20',21,2,12000),(347,'2019-12-01',18,2,44800),(348,'2019-12-02',18,2,44853),(349,'2019-12-11',19,2,16600),(350,'2019-12-04',20,2,16100),(351,'2019-12-10',25,2,149400),(352,'2019-12-06',20,2,41600),(353,'2019-12-11',20,2,22000),(354,'2019-12-03',19,2,14500),(355,'2019-12-08',20,2,8200),(356,'2019-12-09',27,2,21600),(357,'2019-12-09',21,2,8990),(358,'2019-11-25',21,2,40290),(359,'2019-12-09',23,2,6500),(360,'2019-12-09',19,2,9600),(361,'2019-12-05',20,2,14900),(362,'2019-12-02',21,2,12900),(363,'2019-12-10',18,2,38652),(364,'2019-12-09',56,2,20000),(365,'2019-12-08',20,2,7500),(366,'2019-12-08',20,2,5900),(367,'2019-12-09',24,2,3800),(368,'2019-12-10',20,2,5300),(369,'2019-12-09',27,2,500),(370,'2019-12-04',35,2,6332),(371,'2019-12-06',57,1,953000),(372,'2019-12-08',58,6,100000),(373,'2019-11-08',19,2,10000),(374,'2019-12-01',59,6,30000),(375,'2019-12-02',59,6,20000),(376,'2019-12-09',19,2,40000),(377,'2019-12-10',60,2,30000),(378,'2019-12-11',19,2,300),(379,'2019-12-23',28,2,36000),(380,'2019-12-23',61,1,1100000),(381,'2019-12-24',28,2,36000),(382,'2019-12-25',28,2,35000),(383,'2019-12-26',28,2,35000),(384,'2019-12-28',36,2,40000),(385,'2019-12-29',45,1,365400),(386,'2019-12-30',50,2,10000),(387,'2019-12-30',61,1,1000000),(388,'2019-12-31',32,2,1400000),(389,'2019-11-20',42,2,3000),(390,'2019-11-24',30,5,100000),(391,'2019-12-01',30,5,300000),(392,'2019-12-13',29,4,400000),(393,'2019-12-14',28,2,38000),(394,'2019-12-17',28,2,35000),(395,'2019-12-18',28,2,41330),(396,'2019-12-19',28,2,30000),(397,'2019-12-19',28,2,35000),(398,'2019-12-20',42,2,3000),(399,'2019-12-29',30,5,100000),(400,'2019-12-31',29,5,350000),(401,'2020-01-05',20,2,16200),(402,'2020-01-05',29,4,30000),(403,'2019-11-22',51,1,100000),(404,'2019-12-01',51,1,50000),(405,'2019-12-22',51,1,50000),(406,'2020-01-04',20,2,12900),(407,'2019-01-04',35,2,6332),(408,'2019-12-31',49,2,113150),(409,'2020-01-07',25,2,43000),(410,'2020-01-06',18,2,500),(411,'2020-01-06',28,2,475000),(412,'2020-01-17',28,2,38000),(413,'2020-01-19',19,2,9800),(414,'2020-01-18',18,2,105017),(415,'2020-01-18',18,2,500),(416,'2020-01-16',50,2,15000),(417,'2020-01-18',21,2,19600),(418,'2020-01-16',46,2,31100),(419,'2020-01-15',46,2,44600),(420,'2020-01-06',19,2,4600),(421,'2020-01-14',46,2,84500),(422,'2020-01-14',63,2,3200),(423,'2020-01-09',46,2,59000),(424,'2020-01-13',46,2,22400),(425,'2020-01-19',18,2,57300),(426,'2020-01-18',26,2,24400),(427,'2020-01-23',28,2,38000),(428,'2020-01-27',20,2,3400),(429,'2020-01-24',28,2,33000),(430,'2020-01-27',20,2,5000),(431,'2020-01-06',62,2,8000),(432,'2020-01-27',21,2,23800),(433,'2020-01-26',20,2,15500),(434,'2020-01-22',18,2,17013),(435,'2020-01-22',20,2,3500),(436,'2020-01-12',19,2,17500),(437,'2020-01-12',19,2,8600),(438,'2020-01-20',50,2,20000),(439,'2020-01-14',50,2,20000),(440,'2020-01-06',21,2,12290),(441,'2020-01-12',18,2,68447),(442,'2020-01-20',21,2,79900),(443,'2020-01-28',70,2,20000),(444,'2020-01-29',70,2,20000),(445,'2020-01-27',28,2,36000),(446,'2020-01-29',28,2,31000),(447,'2020-01-28',19,2,8000),(448,'2020-01-28',69,2,16800),(449,'2020-01-28',50,2,20000),(450,'2020-01-10',50,2,20000),(451,'2020-01-08',18,2,1600),(452,'2020-01-08',18,2,36391),(453,'2020-01-13',46,2,6300),(454,'2020-01-09',54,2,6992),(456,'2020-01-25',18,2,103712),(457,'2020-01-21',20,2,3100),(458,'2020-01-21',21,2,9700),(460,'2020-01-27',18,2,38254),(461,'2020-01-29',18,2,56827),(462,'2020-01-27',28,2,36000),(463,'2020-01-22',21,2,8500),(464,'2020-01-06',18,2,116611),(465,'2020-01-07',18,2,3518),(466,'2020-01-16',54,2,118680),(467,'2020-01-07',18,2,14344),(468,'2020-01-11',19,2,7800),(469,'2020-01-06',23,2,29000),(470,'2020-01-25',20,2,5500),(471,'2020-01-24',18,2,11068),(472,'2020-01-24',50,2,20000),(473,'2020-01-23',18,2,6999),(474,'2020-01-22',50,2,10000),(475,'2020-01-21',18,2,39964),(476,'2020-01-05',20,2,16200),(477,'2020-01-20',20,2,3700),(478,'2020-01-20',28,2,31000),(479,'2020-01-04',20,2,12900),(480,'2020-01-26',19,2,12300),(481,'2020-01-22',18,2,44704),(482,'2020-01-20',71,2,169700),(483,'2020-01-29',21,2,29800);
/*!40000 ALTER TABLE `checks` ENABLE KEYS */;
UNLOCK TABLES;

--
-- Table structure for table `contragents`
--

DROP TABLE IF EXISTS `contragents`;
/*!40101 SET @saved_cs_client     = @@character_set_client */;
/*!40101 SET character_set_client = utf8 */;
CREATE TABLE `contragents` (
  `id` int(11) NOT NULL AUTO_INCREMENT,
  `name` char(50) NOT NULL,
  `category` char(50) DEFAULT NULL,
  PRIMARY KEY (`id`)
) ENGINE=InnoDB AUTO_INCREMENT=72 DEFAULT CHARSET=utf8;
/*!40101 SET character_set_client = @saved_cs_client */;

--
-- Dumping data for table `contragents`
--

LOCK TABLES `contragents` WRITE;
/*!40000 ALTER TABLE `contragents` DISABLE KEYS */;
INSERT INTO `contragents` VALUES (18,'Пятерочка','64'),(19,'Продукты','64'),(20,'Диана','64'),(21,'Магнит','64'),(22,'Строймаркет','64'),(23,'Иванов А. И. (Канцтовары)','64'),(24,'Яковлева Ю.Е.(Хозмаг)','64'),(25,'Круглосуточная аптека','65'),(26,'Аптека в Пятерке','65'),(27,'Медиамаг','64'),(28,'РЖД','66'),(29,'Бадма','67'),(30,'Родители','67'),(31,'РФ','68'),(32,'Тамара Александровна','67'),(33,'ЖКУ','66'),(34,'Антон Сочешков','66'),(35,'Хостинг провайдер Хостиа','66'),(36,'Тинькофф',NULL),(37,'Ростелеком',NULL),(38,'Мегафон',NULL),(39,'ТКТел',NULL),(40,'Apple',NULL),(41,'Морозовская ДГКБ',NULL),(42,'Сбербанк',NULL),(43,'Лена Петрова',NULL),(44,'ВуменИнсайт',NULL),(45,'ЗДА',NULL),(46,'Верный',NULL),(47,'Биржа копирайтинга',NULL),(48,'Господь',NULL),(49,'Я',NULL),(50,'Московский метрополитен',NULL),(51,'Нэш',NULL),(52,'Сергей Лукияненко',NULL),(53,'Меркушова А.В. (магазин игрушек)',NULL),(54,'Ашан',NULL),(55,'Атак',NULL),(56,'Сергеев С. Н. (Флешка)',NULL),(57,'Сергей Ткаченко',NULL),(58,'Фируза Нематовна Х.',NULL),(59,'Максим Викторович К.',NULL),(60,'Салон красоты',NULL),(61,'Электронный кассир',NULL),(62,'Смешные цены',NULL),(63,'ЛеруаМерлен',NULL),(64,'Магазины',NULL),(65,'Аптеки',NULL),(66,'Услуги',NULL),(67,'Люди',NULL),(68,'Государство',NULL),(69,'Индейкин дом',NULL),(70,'Аврамов Роман',NULL),(71,'АптекаРУ',NULL);
/*!40000 ALTER TABLE `contragents` ENABLE KEYS */;
UNLOCK TABLES;

--
-- Table structure for table `items`
--

DROP TABLE IF EXISTS `items`;
/*!40101 SET @saved_cs_client     = @@character_set_client */;
/*!40101 SET character_set_client = utf8 */;
CREATE TABLE `items` (
  `id` int(11) NOT NULL AUTO_INCREMENT,
  `name` char(50) NOT NULL,
  `category` int(11) DEFAULT NULL,
  PRIMARY KEY (`id`)
) ENGINE=InnoDB AUTO_INCREMENT=238 DEFAULT CHARSET=utf8;
/*!40101 SET character_set_client = @saved_cs_client */;

--
-- Dumping data for table `items`
--

LOCK TABLES `items` WRITE;
/*!40000 ALTER TABLE `items` DISABLE KEYS */;
INSERT INTO `items` VALUES (42,'Пакет',117),(43,'Горох',116),(44,'Йогурт',116),(45,'Рис',116),(46,'Кабачки',116),(48,'Картошка',116),(49,'Груши',116),(50,'Яблоки',116),(51,'Капуста брокколи',116),(52,'Изюм',116),(53,'Творог',116),(54,'Яйца',116),(55,'Хлеб',116),(56,'Пюре детское',116),(57,'Бананы',116),(59,'Сметана',116),(60,'Ряженка',116),(61,'Продукты',116),(62,'Семечки',116),(63,'Сгущеное молоко',116),(64,'Кефир',116),(65,'Шоколад',116),(66,'Капуста белокочанная',116),(67,'Плюшка московская',116),(68,'Сухари с изюмом',116),(69,'Гречка',116),(70,'Колготки капроновые',116),(71,'Подгузники',116),(72,'Хозтовары',117),(73,'Кетчуп',116),(74,'Сосиски',116),(75,'Морс',116),(76,'Печенье',116),(77,'Макароны',116),(78,'Лук',116),(79,'Индейка',116),(80,'Халва',116),(81,'Фисташковый торт',116),(82,'Виноградный сок',116),(83,'Ластик',118),(84,'Вода 5л',116),(85,'Туалетная бумага',122),(86,'Курятина',116),(87,'Подсолнечное масло',116),(88,'Капуста цветная',116),(89,'Мойва',116),(90,'Огурцы',116),(91,'Сладкая смесь',116),(92,'Колбаса',116),(93,'Наждачная бумага',117),(94,'Мочалка',122),(95,'Чипсы нори',116),(96,'Пряники',116),(97,'Вода 0,33',116),(98,'Губки для посуды',117),(99,'Физраствор',120),(100,'Пульмикорт 0,25',120),(101,'Локобейз липокрем',120),(102,'Акридерм мазь',120),(103,'Беродуал',120),(104,'Овсянка',116),(105,'Булочка',116),(106,'Майонез',116),(107,'Чеснок',116),(108,'Три кота игра',121),(109,'Конфеты',116),(110,'Арахис жареный',116),(111,'Мешки для мусора',117),(112,'Стиральный порошок',119),(113,'Свекла',116),(114,'Спички',117),(115,'Канцтовары',118),(116,'ПРОДУКТЫ',NULL),(117,'ХОЗТОВАРЫ',NULL),(118,'КАНЦТОВАРЫ',NULL),(119,'ХИМИЯ',NULL),(120,'МЕДИЦИНА',NULL),(121,'ИГРУШКИ',NULL),(122,'ГИГИЕНА',NULL),(123,'УХОД ЗА ОЛИВИЕЙ',NULL),(124,'ОДЕЖДА',NULL),(125,'Морковь',116),(126,'Ксизал',120),(127,'Билет на электричку',128),(128,'ТРАНСПОРТ',NULL),(129,'Деньги',130),(130,'ДЕНЬГИ',NULL),(131,'Бумага',118),(132,'Хек',116),(133,'Соль',116),(134,'Пшеничная',116),(135,'Сахар',116),(136,'Квартира',137),(137,'ЖИЛЬЕ',NULL),(138,'Коммуналка',137),(139,'Счетчик холодной воды',137),(140,'Счетчик газа',137),(141,'Счетчик электроэнергии',137),(142,'ОБРАЗОВАНИЕ',NULL),(143,'Курсы Сочешкова',142),(144,'Хостинг',145),(145,'САЙТЫ',NULL),(146,'БАНКИ',NULL),(147,'Обслуживание карты',146),(148,'Проценты на остаток по счету',146),(149,'Кешбек',146),(150,'Интернет',152),(151,'Мобильная связь',152),(152,'СВЯЗЬ',NULL),(153,'Аренда оборудования',152),(154,'ХРАНЕНИЕ ИНФОРМАЦИИ',NULL),(155,'Облачное хранилище',154),(156,'Консультация врача',120),(157,'Подписка на курсы',142),(158,'Батарейки',117),(159,'Мыло',122),(160,'Прокладки',122),(161,'Щербет',116),(162,'Чай',116),(163,'Жвачка',116),(164,'ДЕСЯТИНА',NULL),(165,'Десятина',164),(166,'Шампунь',122),(167,'Соя',116),(168,'НЕ УЧТЕНО',NULL),(169,'Не учтено',168),(170,'Вода бивет',116),(171,'Пополнение карты тройка',128),(172,'Пастила',116),(173,'Цветной картон',118),(174,'Тетрадь',118),(175,'Коржик',116),(176,'Наушники',117),(177,'Детский крем',122),(178,'Зефир',116),(179,'Монтелукаст',120),(180,'Консерва рыбная',116),(181,'Мячик',121),(182,'Маркер',118),(183,'Носки',124),(184,'Виноград',116),(185,'Селедка',116),(186,'Сочники',116),(187,'Салфетки',122),(188,'Скумбрия',116),(189,'Мука',116),(190,'Бумага для выпечки',117),(191,'Лимон',116),(192,'Соленые огурцы',116),(193,'Торт',116),(194,'Консервированный горошек',116),(195,'Набор для творчества',121),(196,'Матрешка',121),(197,'Морская капуста',116),(198,'Мандарины',116),(199,'Средство для мытья посуды',117),(200,'Воздушные шарики',121),(201,'Формы для выпечки',117),(202,'Шпажки бамбуковые',117),(203,'Сухарики',116),(204,'Салат в горшочке',116),(205,'Салфетки универсальные',117),(206,'Губка металлическая',117),(207,'Оливки',116),(208,'Щетка',117),(209,'Пакеты для мусора',117),(210,'Зубная паста',122),(211,'Джем',116),(212,'Рисовая мука',116),(213,'Медикаменты',120),(214,'КабельVGA',215),(215,'КОМПЛЕКТУЮЩИЕ',NULL),(216,'Счетные палочки',121),(217,'Зубная щетка',122),(218,'Кабель силовой',215),(219,'Стрижка',220),(220,'ВНЕШНИЙ ВИД',NULL),(221,'Грибы',116),(222,'Скотч',118),(223,'Пельмени',116),(224,'Сухофрукты',116),(225,'Орехи',116),(226,'Аквадетрим',120),(227,'Перчатки',124),(228,'Пленка пищевая',117),(229,'Поездка на машине',128),(230,'Соевый соус',116),(231,'Вареники',116),(232,'Приправа',116),(233,'Резинки для волос',220),(234,'Машинка для стрижки',220),(235,'Мед',116),(236,'Горчица',116),(237,'Бальзам для волос',122);
/*!40000 ALTER TABLE `items` ENABLE KEYS */;
UNLOCK TABLES;

--
-- Table structure for table `moves`
--

DROP TABLE IF EXISTS `moves`;
/*!40101 SET @saved_cs_client     = @@character_set_client */;
/*!40101 SET character_set_client = utf8 */;
CREATE TABLE `moves` (
  `id` int(11) NOT NULL AUTO_INCREMENT,
  `checkn` int(11) NOT NULL,
  `sum` int(11) DEFAULT NULL,
  `itemn` int(11) DEFAULT NULL,
  `comment` char(200) DEFAULT NULL,
  PRIMARY KEY (`id`)
) ENGINE=InnoDB AUTO_INCREMENT=1359 DEFAULT CHARSET=utf8;
/*!40101 SET character_set_client = @saved_cs_client */;

--
-- Dumping data for table `moves`
--

LOCK TABLES `moves` WRITE;
/*!40000 ALTER TABLE `moves` DISABLE KEYS */;
INSERT INTO `moves` VALUES (120,31,500,42,''),(121,32,2899,43,''),(122,32,500,42,''),(123,32,3699,44,''),(124,32,3699,44,''),(125,32,4599,45,''),(126,32,9104,46,''),(127,32,2677,48,''),(128,32,5354,49,''),(129,32,4499,50,''),(130,32,11800,51,''),(131,32,6920,52,''),(132,32,13289,53,''),(133,32,4899,54,''),(134,32,2899,55,''),(135,32,3899,56,''),(136,32,6253,57,''),(137,32,6199,59,''),(138,32,3299,56,''),(139,32,3789,60,''),(140,33,3200,61,''),(141,34,13000,61,''),(142,35,13700,61,''),(143,36,10700,61,''),(144,37,2249,55,''),(145,37,2167,48,''),(146,37,3999,62,''),(147,37,7200,63,''),(148,38,12900,61,''),(149,39,500,42,''),(150,39,2899,55,''),(151,39,5289,64,''),(152,39,3799,65,''),(153,39,4699,54,''),(154,39,3308,66,''),(155,39,2380,67,''),(156,39,3999,68,''),(157,39,3575,49,''),(158,39,2640,50,''),(159,39,2699,57,''),(160,39,3910,69,''),(161,40,13900,70,''),(162,41,89900,71,''),(163,42,11300,72,''),(164,43,12000,61,''),(165,44,7500,61,''),(166,45,5500,61,''),(167,46,22800,61,''),(168,47,4000,61,''),(169,48,43300,61,''),(170,49,6400,61,''),(171,50,500,42,''),(172,50,5191,57,''),(173,50,4699,56,''),(174,50,4699,56,''),(175,50,4999,73,''),(176,50,2376,50,''),(177,50,8999,74,''),(178,50,4999,54,''),(179,50,9389,75,''),(180,50,8299,76,''),(181,51,41800,61,''),(182,52,6500,61,''),(183,53,7900,61,''),(184,54,500,42,''),(185,54,5189,44,''),(186,54,2899,55,''),(187,54,4699,56,''),(188,54,4699,56,''),(189,54,4999,77,''),(190,55,17900,61,''),(191,56,6500,61,''),(192,57,500,42,''),(193,57,5998,56,''),(194,57,2899,55,''),(195,57,4809,57,''),(196,57,1740,50,''),(197,57,4599,45,''),(198,57,3999,68,''),(199,57,4999,77,''),(200,57,2309,69,''),(201,57,13289,53,''),(202,57,2283,48,''),(203,57,5389,64,''),(204,57,2289,78,''),(205,57,23989,79,''),(206,57,4999,80,''),(207,57,6199,59,''),(208,57,4699,54,''),(209,58,500,42,''),(210,58,8399,62,''),(211,58,2999,56,''),(212,58,2999,56,''),(213,58,15999,81,''),(214,58,9999,82,''),(215,58,2899,55,''),(216,59,4900,61,''),(217,60,3700,61,''),(218,61,1500,83,''),(219,62,6300,61,''),(220,63,9500,61,''),(221,64,4200,61,''),(222,65,450,42,''),(223,65,2960,84,''),(224,65,7199,44,''),(225,65,11960,53,''),(226,65,5579,59,''),(227,65,2078,69,''),(228,65,8999,85,''),(229,65,20699,79,''),(230,65,20663,86,''),(231,65,2609,55,''),(232,65,4409,54,''),(233,65,6999,87,''),(234,66,500,42,''),(235,66,13300,88,''),(236,66,15400,89,''),(237,66,6297,66,''),(238,66,500,42,''),(239,66,3474,90,''),(240,66,12300,92,''),(241,66,2310,50,''),(242,66,6199,59,''),(243,66,7999,44,''),(244,66,3999,65,''),(245,66,8650,62,''),(246,66,7999,91,''),(247,66,6920,52,''),(248,66,2899,55,''),(249,66,4223,57,''),(250,66,3998,67,''),(251,66,13289,53,''),(252,67,3200,93,''),(253,68,14300,61,''),(254,69,7070,94,''),(255,70,2124,66,''),(256,70,1503,78,''),(257,70,5289,64,''),(258,70,1267,48,''),(259,70,4939,45,''),(260,70,2943,50,''),(261,70,3999,62,''),(262,70,23600,79,''),(263,70,4999,77,''),(264,70,2860,49,''),(265,70,3499,95,''),(266,70,2899,55,''),(267,70,3699,96,''),(268,70,4699,54,''),(269,70,3475,57,''),(270,70,3699,96,''),(271,70,13327,86,''),(272,71,500,42,''),(273,71,4299,69,''),(274,71,4039,45,''),(275,71,4307,49,''),(276,71,1755,50,''),(277,71,8876,46,''),(278,71,4899,54,''),(279,71,2999,56,''),(280,71,5389,64,''),(281,71,2999,56,''),(282,71,2999,56,''),(283,71,2999,56,''),(284,71,2570,97,''),(285,71,3299,60,''),(286,71,13289,53,''),(287,71,4796,57,''),(288,71,6199,59,''),(289,71,2899,55,''),(290,72,3800,98,''),(291,73,5000,99,''),(292,74,7000,61,''),(293,75,92850,100,''),(294,75,68900,101,''),(295,75,12800,102,''),(296,76,34900,71,''),(297,77,3000,61,''),(298,78,500,42,''),(299,78,7999,68,''),(300,78,14999,86,''),(301,78,1343,78,''),(302,78,2699,69,''),(303,78,7200,45,''),(304,78,3500,76,''),(305,78,4499,54,''),(306,78,23989,79,''),(307,78,3999,62,''),(308,78,2899,55,''),(309,78,3900,49,''),(310,79,27950,103,''),(311,80,500,42,''),(312,80,2699,69,''),(313,80,2118,48,''),(314,80,989,104,''),(315,80,4039,45,''),(316,80,4999,77,''),(317,80,5289,64,''),(318,80,1699,67,''),(319,80,6999,87,''),(320,80,989,104,''),(321,80,2699,105,''),(322,80,11900,92,''),(323,80,5499,106,''),(324,80,5499,76,''),(325,80,4498,55,''),(326,80,500,42,''),(327,80,4032,49,''),(328,80,3063,50,''),(329,80,4899,54,''),(330,80,600,107,''),(331,80,2879,57,''),(332,81,69000,108,''),(333,82,4100,61,''),(334,83,6500,61,''),(335,84,21600,61,''),(336,85,5600,61,''),(337,86,500,42,''),(338,86,500,42,''),(339,86,4949,76,''),(340,86,6999,109,''),(341,86,2050,110,''),(342,86,3700,62,''),(343,86,3499,95,''),(344,87,4200,61,''),(345,88,5900,111,''),(346,88,32900,112,''),(347,89,500,42,''),(348,89,3971,66,''),(349,89,1231,78,''),(350,89,4224,57,''),(351,89,4999,77,''),(352,89,4039,45,''),(353,89,2249,55,''),(354,89,4899,54,''),(355,89,345,113,''),(356,90,32900,112,''),(357,90,89900,71,''),(358,91,1299,114,''),(359,92,8500,115,''),(360,93,4200,61,''),(361,94,4039,45,''),(362,94,2589,69,''),(363,94,500,42,''),(364,94,13289,53,''),(365,94,410,125,''),(366,94,2631,48,''),(367,94,7999,44,''),(368,94,5147,57,''),(369,94,4899,54,''),(370,94,20719,86,''),(371,94,2899,55,''),(372,94,23989,79,''),(373,94,6199,59,''),(374,94,1495,50,''),(375,94,4288,49,''),(376,95,500,42,''),(377,96,12500,61,''),(378,97,400,42,''),(379,98,22800,61,''),(380,99,4500,61,''),(381,100,15300,61,''),(383,102,5500,61,''),(384,103,6500,61,''),(385,104,5500,115,''),(386,105,53700,126,''),(387,106,9640,127,''),(388,107,3000,61,''),(389,108,30400,127,''),(390,109,12000,72,''),(391,110,300000,129,'Взяли в долг'),(392,111,100000,129,''),(394,113,500000,129,''),(395,114,29000,131,''),(396,115,1913,48,''),(397,115,2592,134,''),(398,115,2420,135,''),(399,115,17460,132,''),(400,115,2889,77,''),(401,115,3519,69,''),(402,115,4760,64,''),(403,115,3599,68,''),(404,115,2000,50,''),(405,115,3999,65,''),(406,115,3799,76,''),(407,115,755,133,''),(408,115,2609,55,''),(409,115,4499,54,''),(410,115,6110,49,''),(411,116,300000,129,''),(412,117,655489,129,''),(413,118,2000000,129,''),(414,119,1100000,136,'Квартплата за сентябрь'),(415,120,299000,143,''),(416,121,6533,144,''),(417,122,22,149,''),(418,123,2900,149,''),(419,124,22,148,''),(420,125,5859,147,''),(421,126,41,147,''),(422,126,4959,147,''),(423,127,45000,150,''),(424,128,4941,147,''),(425,129,5900,155,''),(426,130,6332,144,''),(427,131,500,147,'Привязка к ETXT'),(428,131,101,147,'Привязка к ЯМ'),(429,132,188800,138,''),(430,133,38794,61,''),(431,134,50000,143,''),(432,135,11990,61,''),(433,136,12200,72,''),(434,137,10000,151,''),(435,138,47500,127,''),(436,139,300000,156,''),(437,140,3000,147,''),(439,142,39600,151,''),(440,143,10000,143,''),(442,145,100000,147,''),(443,146,10000,143,''),(444,147,100000,129,''),(445,148,401755,129,''),(446,149,200000,129,''),(447,150,72238,157,'на материалы за октябрь'),(448,151,100000,129,''),(449,152,4000,61,''),(450,153,4000,61,''),(464,155,4489,45,''),(465,155,1800,85,''),(466,155,500,42,''),(467,155,4999,54,''),(468,155,1451,48,''),(469,155,1805,78,''),(470,155,1825,50,''),(471,155,7999,87,''),(472,155,3767,57,''),(473,155,3828,49,''),(474,155,4999,77,''),(475,156,1600,158,''),(476,157,8500,159,''),(477,157,11900,160,''),(478,158,400,42,''),(479,159,32200,61,''),(480,160,25500,61,''),(481,161,4300,61,''),(482,162,8500,61,''),(483,163,3400,61,''),(484,164,10200,61,''),(485,165,500,42,''),(486,165,2899,55,''),(487,165,3999,161,''),(488,165,3999,68,''),(489,165,2499,162,''),(490,166,2720,163,''),(491,166,3499,95,''),(492,166,5999,82,''),(493,167,800,115,''),(494,168,200000,129,'Первая зарплата мамы'),(495,169,4400,99,''),(496,170,6100,61,''),(497,171,4699,54,''),(498,171,500,42,''),(499,171,3290,77,''),(500,171,3290,68,''),(501,171,5990,85,''),(502,171,17933,79,''),(503,171,2799,69,''),(504,171,5299,64,''),(505,172,57000,126,''),(506,173,32700,127,'тарусская-каланчевская'),(507,173,32700,127,'каланчевская-тарусская'),(510,176,247100,138,''),(511,177,187900,129,'Зарплата за сентябрь'),(512,178,63855,129,''),(513,179,26000,165,'с подарка родителей и заработка на бирже копирайтинга'),(514,180,20000,165,'с зарплаты в ЗДА'),(515,181,94100,100,''),(516,182,9999,166,''),(517,182,2810,48,''),(518,182,8123,57,''),(519,182,3246,78,''),(520,182,4319,50,''),(521,182,7344,49,''),(522,182,4110,106,''),(523,182,4498,55,''),(524,182,4110,68,''),(525,182,5140,80,''),(526,182,3999,161,''),(527,182,10655,132,''),(528,182,18599,79,''),(529,182,5760,62,''),(530,182,1000,42,''),(531,183,2899,55,''),(532,183,2899,55,''),(533,183,6790,167,''),(534,183,4489,45,''),(535,183,2186,66,''),(536,183,9100,52,''),(537,183,4989,62,''),(538,183,13289,53,''),(539,183,2001,48,''),(540,183,4999,59,''),(541,183,1732,78,''),(542,183,4124,50,''),(543,183,4110,68,''),(544,184,100000,165,'Взяли из десятины'),(545,185,200000,165,'Взяли из десятины'),(546,186,599670,129,'Остатки с августа месяца'),(547,187,32951,169,''),(548,188,100000,170,'за месяц'),(549,189,45431,170,'за месяц'),(550,190,16000,61,''),(551,191,29601,129,''),(552,192,30199,150,'1% комиссии'),(553,193,4000,170,''),(554,194,4000,170,''),(555,195,42000,127,'Билет из москвы на экспресс'),(556,195,32700,127,'Билет до москвы на электричку'),(557,196,5000,171,''),(558,197,500,42,''),(559,197,4498,55,''),(560,197,4499,65,''),(561,197,4999,172,''),(562,197,16400,81,''),(563,197,3699,77,''),(564,197,4999,54,''),(565,198,12300,61,''),(566,199,7100,61,''),(567,200,200000,129,''),(568,201,500,42,''),(569,201,2038,48,''),(570,201,5699,54,''),(571,201,3145,57,''),(572,201,3299,77,''),(573,201,3910,69,''),(574,201,2232,50,''),(575,201,1589,78,''),(576,201,2899,55,''),(577,201,6999,45,''),(578,201,6499,87,''),(579,201,9289,63,''),(580,202,29900,71,''),(581,202,2300,173,''),(582,202,300,42,''),(583,203,2899,55,''),(584,203,4110,68,''),(585,204,6000,174,''),(586,205,6100,61,'Консервы рыба'),(587,206,4100,61,'рулет'),(588,207,8000,170,'4 бутылки'),(589,208,50000,129,'на связь'),(590,209,39800,151,''),(591,210,40000,129,'Взяли из десятины'),(592,211,7100,61,''),(593,212,12300,61,''),(594,213,3000,147,''),(595,214,3364,129,'Сверка с наличкой'),(596,215,7200,61,'Пастила'),(597,216,4000,170,''),(598,217,3500,175,'4 штуки'),(599,218,3426,147,''),(600,218,5900,147,''),(601,219,7200,61,''),(602,220,7200,61,''),(603,221,8000,176,''),(604,222,29900,71,''),(605,222,3500,177,''),(606,223,500,42,''),(607,223,3499,172,''),(608,223,1419,114,''),(609,223,3599,65,''),(610,223,25539,86,''),(611,223,450,107,''),(612,223,2880,134,''),(613,224,10000,61,''),(614,225,500,42,''),(615,225,6990,178,''),(616,225,22983,79,''),(617,225,3499,55,''),(618,225,5190,69,''),(619,225,2449,55,''),(620,225,5299,64,''),(621,225,4990,106,''),(622,226,11000,61,''),(623,227,2249,55,''),(624,227,5999,54,''),(625,227,3107,50,''),(626,227,1556,78,''),(627,228,500,42,''),(628,228,5100,49,''),(629,228,2380,50,''),(630,228,1812,48,''),(631,228,2924,57,''),(632,228,748,78,''),(633,228,3269,69,''),(634,228,2899,55,''),(635,228,6999,45,''),(636,228,1169,104,''),(637,228,3329,77,''),(638,228,5799,54,''),(639,228,16835,89,''),(640,228,1699,76,''),(641,228,1699,76,''),(642,228,1700,76,''),(643,229,100000,129,'Провел урок и предоплата за следующий'),(644,230,3600,61,'Сочники'),(645,231,11800,61,''),(646,232,4000,170,''),(647,233,3500,61,''),(648,233,3900,61,''),(649,234,13300,61,''),(650,235,4000,84,''),(651,236,1100000,136,'за октябрь месяц'),(652,237,1375600,129,'200 евро в долг на три месяца'),(653,238,9000,61,'пирожки'),(654,239,15700,61,'хлеб пряники яйца'),(655,240,4000,84,''),(656,241,4000,61,''),(657,242,5000,99,''),(658,243,450,42,''),(659,243,450,42,''),(660,243,2833,66,''),(661,243,4048,55,''),(662,243,1624,48,''),(663,243,3842,45,''),(664,243,3032,69,''),(665,243,3699,68,''),(666,243,7999,87,''),(667,243,3499,77,''),(668,243,5399,54,''),(669,243,5849,109,''),(670,243,229,113,''),(671,243,4999,76,''),(672,243,1998,50,''),(673,243,3650,49,''),(674,243,4700,57,''),(675,244,7900,61,''),(676,245,6800,61,''),(677,246,8300,61,''),(678,247,13400,102,''),(679,247,63400,101,''),(680,247,48000,126,''),(681,247,56500,179,''),(682,248,3200,55,''),(683,248,7900,180,''),(684,248,6800,76,''),(685,248,3600,106,''),(686,249,4500,115,''),(687,250,18000,181,''),(688,251,4000,61,''),(689,252,500,42,''),(690,252,4230,57,''),(691,252,6000,178,''),(692,252,5798,55,''),(693,253,5500,61,''),(694,254,3300,61,''),(695,255,79900,71,''),(696,256,10900,61,''),(697,257,450,42,''),(698,257,450,42,''),(699,257,2465,78,''),(700,257,2512,48,''),(701,257,3249,50,''),(702,257,4699,69,''),(703,257,4040,45,''),(704,257,7499,87,''),(705,257,2609,55,''),(706,257,2772,162,''),(707,257,3499,77,''),(708,257,18999,79,''),(709,257,3699,68,''),(710,257,5399,54,''),(711,257,3499,172,''),(712,257,22985,86,''),(713,257,3699,106,''),(714,257,4760,64,''),(715,258,35000,129,'с зарплаты в академии'),(716,259,40000,129,''),(717,259,10000,129,''),(718,260,10000,129,''),(719,261,2000,129,''),(720,262,3000,129,''),(721,263,350000,129,''),(722,264,100000,129,''),(723,265,300000,129,''),(724,266,58800,72,''),(725,267,6332,144,''),(726,268,10000,129,'С оплаты уроков Нэш'),(727,269,44000,84,'Вода за месяц'),(728,269,213,129,'коррекция'),(729,270,100000,129,'Оплата за два урока, сегодня и следующий'),(730,271,5400,183,'теплые носки Полине'),(731,271,2900,182,''),(732,272,500,42,''),(733,272,3008,48,''),(734,272,1644,78,''),(735,272,630,113,''),(736,272,3599,69,''),(737,272,11899,53,''),(738,272,6564,57,''),(739,272,500,42,''),(740,272,16536,86,''),(741,272,22999,79,''),(742,272,4999,77,''),(743,272,5798,55,''),(744,272,5899,54,''),(745,272,5785,49,''),(746,272,4375,50,''),(747,272,5499,184,''),(748,272,4320,68,''),(749,272,3999,65,''),(750,272,6199,59,''),(751,273,20000,129,'За оба прихода от Нэша'),(752,274,4000,84,''),(753,275,4000,84,''),(754,276,15000,153,''),(755,277,30000,150,''),(756,278,6800,185,''),(757,278,6800,178,''),(758,278,300,42,''),(759,279,3600,186,''),(760,280,8600,61,'мороженное сочники'),(761,281,4000,84,''),(762,282,8600,76,''),(763,283,4000,170,''),(764,284,11400,61,''),(765,285,1124,187,''),(766,285,500,42,''),(767,285,3251,66,''),(768,285,3580,78,''),(769,285,2908,50,''),(770,285,2899,55,''),(771,285,3299,56,''),(772,285,3299,56,''),(773,285,3499,73,''),(774,285,17772,188,''),(775,285,6499,54,''),(776,285,8989,63,''),(777,286,4876,110,''),(778,286,12400,91,''),(779,286,17924,79,''),(780,286,500,42,''),(781,287,500,42,''),(782,287,5140,189,''),(783,287,1889,180,''),(784,287,3810,180,''),(785,287,2689,135,''),(786,287,6899,87,''),(787,287,4269,45,''),(788,287,2499,162,''),(789,287,2168,48,''),(790,287,3999,69,''),(791,287,2899,55,''),(792,287,5899,54,''),(793,288,450,42,''),(794,288,2609,55,''),(795,288,3999,65,''),(796,288,5219,54,''),(797,288,3294,190,''),(798,289,4100,61,''),(799,290,1500,55,''),(800,290,2620,105,''),(801,291,25800,127,'в Москву'),(802,292,16400,171,''),(803,293,3600,61,''),(804,294,500,42,''),(805,294,4110,68,''),(806,294,130,113,''),(807,294,6899,87,''),(808,294,2899,55,''),(809,294,5999,54,''),(810,294,15989,86,''),(811,294,23989,79,''),(812,295,500,42,'копченая'),(813,295,2899,55,''),(814,295,10999,81,''),(815,295,6018,57,''),(816,295,17999,109,''),(817,295,10999,188,''),(818,296,3200,61,''),(819,297,17900,61,''),(820,298,500,42,''),(821,298,3157,48,''),(822,298,2299,135,''),(823,298,5140,69,''),(824,298,23989,79,''),(825,298,2037,50,''),(826,298,3699,77,''),(827,298,4110,68,''),(828,298,5999,45,''),(829,298,4110,106,''),(830,298,1169,104,''),(831,298,4220,160,''),(832,298,5517,57,''),(833,298,6299,54,''),(834,298,2899,55,''),(835,299,35000,127,'экспресс'),(836,300,10000,171,''),(837,301,11300,61,''),(838,302,16300,61,''),(839,303,25800,127,''),(840,304,1900,115,'трубочки для коктейля'),(841,304,3190,72,''),(842,304,3000,173,''),(843,305,7000,61,''),(844,306,3700,61,''),(845,307,3180,85,''),(846,308,28500,71,''),(847,308,390,42,''),(848,309,500,42,''),(849,309,2899,55,''),(850,309,6159,57,''),(851,309,3699,77,''),(852,309,1872,50,''),(853,309,6499,54,''),(854,309,2879,162,''),(855,309,6999,45,''),(856,309,6179,69,''),(857,309,1380,85,''),(858,309,5017,112,''),(859,310,500,42,''),(860,310,2511,48,''),(861,310,1705,191,''),(862,310,5849,85,''),(863,310,6790,167,''),(864,310,6790,167,''),(865,310,4269,45,''),(866,310,4400,106,''),(867,310,4320,68,''),(868,310,5899,54,''),(869,310,770,107,''),(870,310,3999,69,''),(871,310,2899,55,''),(872,311,7500,61,''),(873,312,1000,42,''),(874,312,25999,86,''),(875,312,324,113,''),(876,312,4899,106,''),(877,312,4079,50,''),(878,312,6499,87,''),(879,312,382,125,''),(880,312,4147,48,''),(881,312,19999,109,''),(882,312,10197,109,''),(883,312,4999,194,''),(884,312,8798,57,''),(885,312,2015,49,''),(886,312,5499,69,''),(887,312,3659,45,''),(888,312,3461,109,''),(889,312,2899,55,''),(890,312,4110,68,''),(891,312,9000,109,''),(892,312,3410,109,''),(893,312,14999,76,''),(894,312,6199,59,''),(895,312,16479,192,''),(896,312,7099,54,''),(897,312,18999,79,''),(898,312,35999,193,''),(899,313,33000,127,'экспресс от новохохловской'),(900,314,25800,127,''),(901,315,31000,127,''),(902,316,65000,196,''),(903,316,155000,195,''),(904,317,9880,180,''),(905,317,4719,197,''),(906,317,14400,185,''),(907,318,500,42,''),(908,318,8484,57,''),(909,318,2591,163,''),(910,318,9523,44,''),(911,318,2761,55,''),(912,318,3024,49,''),(913,318,304,125,''),(914,318,22847,79,''),(915,319,25800,127,'домой'),(916,320,25800,127,'домой'),(917,321,500,42,'подарок родителям'),(918,321,3499,76,''),(919,321,2899,55,''),(920,321,3449,50,''),(921,321,3999,44,''),(922,321,5669,96,''),(923,321,216,113,''),(924,321,3999,65,''),(925,321,32999,109,''),(926,321,6199,59,''),(927,321,81999,71,''),(928,321,7099,54,''),(929,322,10000,171,''),(930,323,69000,115,'ежедневник'),(931,324,500,42,''),(932,325,15000,91,''),(933,325,9178,57,''),(934,325,3163,66,''),(935,325,7699,189,''),(936,325,13084,86,''),(937,325,10476,44,''),(938,326,13800,86,''),(939,327,7500,61,''),(940,328,6877,198,''),(941,329,11999,109,'Подарок Тамаре Александровне'),(942,330,12600,61,''),(943,331,20000,171,''),(944,332,6700,61,''),(945,333,25800,127,'на работу'),(946,334,10000,171,''),(947,335,25800,127,'на работу'),(948,336,11900,112,''),(949,336,8500,199,''),(950,336,9900,200,''),(951,336,13900,201,''),(952,336,390,42,''),(953,337,500,42,'рисовая'),(954,337,2899,55,''),(955,337,8999,52,''),(956,337,5499,69,''),(957,337,3699,77,''),(958,337,7200,189,''),(959,337,3103,50,''),(960,337,3472,48,''),(961,337,6299,54,''),(962,337,4940,57,''),(963,338,500,42,''),(964,338,2999,76,''),(965,338,2199,163,''),(966,338,1419,114,''),(967,338,18999,79,''),(968,338,3699,77,''),(969,338,6299,54,''),(970,338,11603,57,''),(971,338,3659,45,''),(972,338,3867,48,''),(973,338,2659,50,''),(974,338,5999,65,''),(975,339,31000,127,'экспресс от новохохловской'),(976,340,4110,68,''),(977,340,2899,55,''),(978,341,96,42,''),(979,341,3737,109,''),(980,341,1917,109,''),(981,341,1034,57,''),(982,341,1158,59,''),(983,341,396,50,''),(984,341,887,96,''),(985,341,2875,86,''),(986,342,1000,42,''),(987,342,81999,71,''),(988,342,5140,69,''),(989,342,3699,77,''),(990,342,4467,48,''),(991,342,7499,180,''),(992,342,6899,87,''),(993,342,1169,104,''),(994,342,5799,54,''),(995,342,4999,202,''),(996,342,16400,81,''),(997,342,1540,203,''),(998,342,1540,203,''),(999,342,4499,73,''),(1000,342,4999,204,''),(1001,342,1499,98,''),(1002,342,2180,205,''),(1003,342,2090,206,''),(1004,342,2998,98,''),(1005,342,6571,57,''),(1006,342,6999,207,''),(1007,342,1608,50,''),(1008,342,4522,49,''),(1009,342,18999,79,''),(1010,342,26989,86,''),(1011,342,4499,106,''),(1012,342,6499,45,''),(1013,343,3100,61,''),(1014,344,1640,97,''),(1015,345,10000,158,''),(1016,346,2100,208,''),(1017,346,3000,209,''),(1018,346,6900,210,''),(1019,347,500,42,''),(1020,347,2899,55,''),(1021,347,6499,76,''),(1022,347,3699,77,''),(1023,347,6790,167,''),(1024,347,6047,57,''),(1025,347,4499,106,''),(1026,347,5799,54,''),(1027,347,2483,48,''),(1028,347,240,113,''),(1029,347,2477,78,''),(1030,347,2868,55,''),(1031,348,2234,66,''),(1032,348,500,42,''),(1033,348,16400,211,''),(1034,348,7200,212,''),(1035,348,3989,60,''),(1036,348,1701,50,''),(1037,348,5140,69,''),(1038,348,7689,189,''),(1039,349,16600,61,''),(1040,350,16100,61,''),(1041,351,13800,102,''),(1042,351,51600,126,''),(1043,351,84000,100,''),(1044,352,41600,61,''),(1045,353,22000,61,''),(1046,354,14500,61,''),(1047,355,8200,61,''),(1048,356,21000,218,''),(1049,356,600,174,''),(1050,357,8990,210,''),(1051,358,7900,199,''),(1052,358,3500,177,''),(1053,358,28500,71,''),(1054,358,390,42,''),(1055,359,6500,216,''),(1056,360,9600,61,''),(1057,361,14900,61,''),(1058,362,12900,217,''),(1059,363,500,42,''),(1060,363,6499,54,''),(1061,363,5499,106,''),(1062,363,6571,57,''),(1063,363,2899,55,''),(1064,363,4095,49,''),(1065,363,6790,167,''),(1066,363,1800,50,''),(1067,363,3999,65,''),(1068,364,20000,214,''),(1069,365,7500,61,''),(1070,366,5900,61,''),(1071,367,3800,72,''),(1072,368,5300,61,''),(1073,369,500,42,''),(1074,370,6332,144,''),(1075,371,953000,129,''),(1076,372,100000,129,''),(1077,373,10000,170,''),(1078,374,30000,129,''),(1079,375,20000,129,''),(1080,376,40000,170,''),(1081,377,30000,219,''),(1082,378,300,42,''),(1083,379,36000,127,'домой, опоздал на экспресс'),(1084,380,100000,129,'перевод на карту'),(1085,380,1000000,129,'наличными на руки'),(1086,381,36000,127,''),(1087,382,35000,127,''),(1088,383,35000,127,'экспресс до москвы, опоздал'),(1089,384,40000,151,''),(1090,385,365400,129,'Зарплата за декабрь'),(1091,386,10000,171,''),(1092,387,1000000,129,'Зарплата за декабрь плюс аванс'),(1093,388,1100000,136,'оплата за декабрь'),(1094,388,300000,138,'Оплата за октябрь и частично ноябрь'),(1095,389,3000,147,''),(1096,390,100000,129,''),(1097,391,300000,129,'на ДР'),(1098,392,300000,129,''),(1099,392,100000,129,''),(1100,393,38000,127,''),(1101,394,35000,127,''),(1102,395,41330,127,''),(1103,396,30000,127,''),(1104,397,35000,127,''),(1105,398,3000,147,''),(1106,399,100000,129,'На новый год'),(1107,400,350000,129,''),(1108,401,16200,61,''),(1109,402,30000,129,''),(1110,403,100000,129,''),(1111,404,50000,129,''),(1112,405,50000,129,''),(1113,406,12900,61,''),(1114,407,6332,144,''),(1115,408,113150,169,'Не учтено за ноябрь декабрь 2019'),(1116,409,43000,179,'5 мг 10 шт'),(1117,410,500,42,''),(1118,411,475000,127,'Абонент на месяц с 9.01 по 07.02'),(1119,412,38000,127,'экспресс'),(1120,413,9800,61,'к чаю'),(1121,414,500,42,''),(1122,414,4367,57,''),(1123,414,3999,76,''),(1124,414,6199,53,''),(1125,414,5599,54,''),(1126,414,8099,49,''),(1127,414,3840,78,''),(1128,414,1540,203,''),(1129,414,1540,203,''),(1130,414,5999,204,''),(1131,414,2899,55,''),(1132,414,4110,106,''),(1133,414,4110,106,''),(1134,414,5189,64,''),(1135,414,3152,48,''),(1136,414,23989,79,''),(1137,414,6499,180,''),(1138,414,5999,82,''),(1139,414,1569,187,''),(1140,414,5819,85,''),(1141,415,500,42,''),(1142,416,15000,171,''),(1143,417,4700,209,''),(1144,417,14900,160,''),(1145,418,4999,76,'2 бутылки'),(1146,418,6199,54,''),(1147,418,4575,49,''),(1148,418,8929,221,''),(1149,418,6398,84,''),(1150,419,6398,84,''),(1151,419,500,42,''),(1152,419,7980,44,''),(1153,419,2970,109,''),(1154,419,5400,49,''),(1155,419,13951,109,''),(1156,419,7401,57,''),(1157,420,4600,61,''),(1158,421,500,42,'карта покупателя'),(1159,421,4341,48,''),(1160,421,4299,45,''),(1161,421,3299,77,''),(1162,421,4199,69,''),(1163,421,3990,44,''),(1164,421,6799,54,''),(1165,421,18999,86,''),(1166,421,3599,76,''),(1167,421,11499,63,''),(1168,421,22975,79,''),(1169,421,1,129,''),(1170,422,3200,222,''),(1171,423,500,42,''),(1172,423,5036,49,''),(1173,423,4999,65,''),(1174,423,6299,59,''),(1175,423,2799,177,''),(1176,423,10499,82,''),(1177,423,17968,223,''),(1178,423,10900,51,''),(1179,424,3199,84,''),(1180,424,6799,180,''),(1181,424,2600,224,''),(1182,424,2886,225,''),(1183,424,6916,178,''),(1184,425,500,42,''),(1185,425,2069,76,''),(1186,425,2069,76,''),(1187,425,3999,65,''),(1188,425,6199,59,''),(1189,425,8899,51,''),(1190,425,3353,57,''),(1191,425,1740,50,''),(1192,425,16559,86,''),(1193,425,1419,114,''),(1194,425,5140,69,''),(1195,425,165,113,''),(1196,425,5189,62,''),(1197,426,24400,226,''),(1203,427,38000,127,'Новохохловская - Тарусская экспресс'),(1204,428,3400,61,''),(1205,429,33000,127,'Новохохловская - Тарусская экспресс'),(1206,430,5000,61,''),(1207,431,8000,227,'Для костюма Симки'),(1208,432,11900,112,'ааа 4шт'),(1209,432,11900,158,''),(1210,433,15500,61,''),(1211,434,500,42,''),(1212,434,2899,55,''),(1213,434,5599,54,''),(1214,434,1620,50,''),(1215,434,6395,57,''),(1216,435,3500,61,''),(1217,436,17500,61,''),(1218,437,8600,61,''),(1219,438,20000,171,''),(1220,439,20000,171,''),(1221,440,11900,112,''),(1222,440,390,42,''),(1223,441,500,42,''),(1224,441,4268,66,''),(1225,441,7930,68,''),(1226,441,6599,54,''),(1227,441,6499,87,''),(1228,441,4110,106,''),(1229,441,3999,65,''),(1230,441,5140,69,''),(1231,441,4999,77,''),(1232,441,4015,48,''),(1233,441,4730,50,''),(1234,441,10913,57,''),(1235,441,4745,49,''),(1236,442,79900,71,''),(1237,443,20000,229,'из Москвы до дома'),(1238,444,20000,229,'В Москву'),(1239,445,36000,127,''),(1240,446,31000,127,''),(1241,447,8000,61,''),(1242,448,16800,79,''),(1243,449,20000,171,''),(1244,450,20000,171,''),(1245,451,1600,65,''),(1246,452,3699,106,''),(1247,452,2609,55,''),(1248,452,3499,56,''),(1249,452,3499,56,''),(1250,452,8325,57,''),(1251,452,14760,211,''),(1252,453,6300,84,''),(1253,454,2700,55,''),(1254,454,4292,68,''),(1257,456,5140,69,'Доместос'),(1258,456,5999,45,''),(1259,456,2899,55,''),(1260,456,13663,86,''),(1261,456,4999,73,''),(1262,456,3499,77,''),(1263,456,3499,95,''),(1264,456,4119,178,''),(1265,456,24989,86,''),(1266,456,4119,162,''),(1267,456,2499,230,''),(1268,456,6199,59,''),(1269,456,4776,48,''),(1270,456,9999,72,''),(1271,456,6999,197,''),(1272,456,315,113,''),(1273,457,3100,61,''),(1274,458,6500,115,'ручка'),(1275,458,3200,115,'закладки'),(1277,460,6179,231,''),(1278,460,6179,231,''),(1279,460,5599,54,''),(1280,460,6199,59,''),(1281,460,2999,109,''),(1282,460,2899,55,''),(1283,460,2935,50,''),(1284,460,5265,49,''),(1285,461,3307,48,''),(1286,461,6199,59,''),(1287,461,6999,60,''),(1288,461,9499,221,''),(1289,461,7827,49,''),(1290,461,4999,76,''),(1291,461,6199,53,''),(1292,461,8899,51,''),(1293,461,2899,55,''),(1294,462,36000,127,''),(1295,463,8500,199,''),(1296,464,4028,48,''),(1297,464,3712,78,''),(1298,464,3000,50,''),(1299,464,3499,77,''),(1300,464,25999,86,''),(1301,464,3999,65,''),(1302,464,3399,55,''),(1303,464,6589,85,''),(1304,464,3669,228,''),(1305,464,22999,79,''),(1306,464,7200,45,''),(1307,464,3080,232,''),(1308,464,4110,106,''),(1309,464,7199,54,''),(1310,464,8989,63,''),(1311,464,5140,69,''),(1312,465,1440,133,''),(1313,465,789,133,''),(1314,465,789,133,''),(1315,465,500,42,''),(1316,466,29900,227,''),(1317,466,4990,233,''),(1318,466,4990,233,''),(1319,466,65000,234,''),(1320,466,6900,176,''),(1321,466,6900,176,''),(1322,467,6499,76,''),(1323,467,7345,57,''),(1324,467,500,42,''),(1325,468,7800,61,''),(1326,469,29000,115,'краска ватман'),(1327,470,5500,61,''),(1328,471,2069,76,''),(1329,471,8999,235,''),(1330,472,20000,171,''),(1331,473,6999,109,''),(1332,474,10000,171,''),(1333,475,500,42,''),(1334,475,6079,178,''),(1335,475,5122,57,''),(1336,475,6999,87,''),(1337,475,5397,76,''),(1338,475,2998,109,''),(1339,475,6499,180,''),(1340,475,4810,49,''),(1341,475,1560,50,''),(1342,476,16200,61,''),(1343,477,3700,61,''),(1344,478,31000,127,''),(1345,479,12900,61,''),(1346,480,12300,61,''),(1347,481,3364,48,''),(1348,481,3499,77,''),(1349,481,17999,79,''),(1350,481,11620,86,''),(1351,481,2223,236,''),(1352,481,5999,45,''),(1353,482,61300,101,''),(1354,482,51000,126,''),(1355,482,13000,102,''),(1356,482,44400,179,''),(1357,483,16900,166,''),(1358,483,12900,237,'');
/*!40000 ALTER TABLE `moves` ENABLE KEYS */;
UNLOCK TABLES;

--
-- Table structure for table `types`
--

DROP TABLE IF EXISTS `types`;
/*!40101 SET @saved_cs_client     = @@character_set_client */;
/*!40101 SET character_set_client = utf8 */;
CREATE TABLE `types` (
  `id` int(11) NOT NULL,
  `name` char(50) DEFAULT NULL
) ENGINE=InnoDB DEFAULT CHARSET=utf8;
/*!40101 SET character_set_client = @saved_cs_client */;

--
-- Dumping data for table `types`
--

LOCK TABLES `types` WRITE;
/*!40000 ALTER TABLE `types` DISABLE KEYS */;
INSERT INTO `types` VALUES (1,'Заработали'),(2,'Покупка'),(3,'Вернули долг'),(4,'Взяли в долг'),(5,'Приняли в подарок'),(6,'Подарили'),(7,'Десятина'),(8,'Дали в долг'),(9,'Ввод остатков');
/*!40000 ALTER TABLE `types` ENABLE KEYS */;
UNLOCK TABLES;
/*!40103 SET TIME_ZONE=@OLD_TIME_ZONE */;

/*!40101 SET SQL_MODE=@OLD_SQL_MODE */;
/*!40014 SET FOREIGN_KEY_CHECKS=@OLD_FOREIGN_KEY_CHECKS */;
/*!40014 SET UNIQUE_CHECKS=@OLD_UNIQUE_CHECKS */;
/*!40101 SET CHARACTER_SET_CLIENT=@OLD_CHARACTER_SET_CLIENT */;
/*!40101 SET CHARACTER_SET_RESULTS=@OLD_CHARACTER_SET_RESULTS */;
/*!40101 SET COLLATION_CONNECTION=@OLD_COLLATION_CONNECTION */;
/*!40111 SET SQL_NOTES=@OLD_SQL_NOTES */;

-- Dump completed on 2020-02-02 19:37:37
