-- MySQL dump 10.13  Distrib 5.7.17, for macos10.12 (x86_64)
--
-- Host: localhost    Database: finance2019
-- ------------------------------------------------------
-- Server version	5.7.17

/*!40101 SET @OLD_CHARACTER_SET_CLIENT=@@CHARACTER_SET_CLIENT */;
/*!40101 SET @OLD_CHARACTER_SET_RESULTS=@@CHARACTER_SET_RESULTS */;
/*!40101 SET @OLD_COLLATION_CONNECTION=@@COLLATION_CONNECTION */;
/*!40101 SET NAMES utf8 */;
/*!40103 SET @OLD_TIME_ZONE=@@TIME_ZONE */;
/*!40103 SET TIME_ZONE='+00:00' */;
/*!40014 SET @OLD_UNIQUE_CHECKS=@@UNIQUE_CHECKS, UNIQUE_CHECKS=0 */;
/*!40014 SET @OLD_FOREIGN_KEY_CHECKS=@@FOREIGN_KEY_CHECKS, FOREIGN_KEY_CHECKS=0 */;
/*!40101 SET @OLD_SQL_MODE=@@SQL_MODE, SQL_MODE='NO_AUTO_VALUE_ON_ZERO' */;
/*!40111 SET @OLD_SQL_NOTES=@@SQL_NOTES, SQL_NOTES=0 */;

--
-- Table structure for table `checks`
--

DROP TABLE IF EXISTS `checks`;
/*!40101 SET @saved_cs_client     = @@character_set_client */;
/*!40101 SET character_set_client = utf8 */;
CREATE TABLE `checks` (
  `id` int(11) NOT NULL AUTO_INCREMENT,
  `date` date DEFAULT NULL,
  `contragent` int(11) DEFAULT NULL,
  `type` int(11) DEFAULT NULL,
  PRIMARY KEY (`id`)
) ENGINE=InnoDB AUTO_INCREMENT=190 DEFAULT CHARSET=utf8;
/*!40101 SET character_set_client = @saved_cs_client */;

--
-- Dumping data for table `checks`
--

LOCK TABLES `checks` WRITE;
/*!40000 ALTER TABLE `checks` DISABLE KEYS */;
INSERT INTO `checks` VALUES (31,'2019-10-06',18,2),(32,'2019-09-09',18,2),(33,'2019-10-03',19,2),(34,'2019-10-08',20,2),(35,'2019-10-07',20,2),(36,'2019-10-08',19,2),(37,'2019-10-04',18,2),(38,'2019-10-03',20,2),(39,'2019-10-02',18,2),(40,'2019-10-04',21,2),(41,'2019-10-02',21,2),(42,'2019-09-12',22,2),(43,'2019-09-22',19,2),(44,'2019-09-13',20,2),(45,'2019-09-12',20,2),(46,'2019-09-02',20,2),(47,'2019-09-30',19,2),(48,'2019-09-02',19,2),(49,'2019-08-30',19,2),(50,'2019-08-29',18,2),(51,'2019-08-30',20,2),(52,'2019-09-01',20,2),(53,'2019-09-02',20,2),(54,'2019-09-02',18,2),(55,'2019-09-04',20,2),(56,'2019-09-03',20,2),(57,'2019-09-05',18,2),(58,'2019-09-06',18,2),(59,'2019-09-08',20,2),(60,'2019-09-09',20,2),(61,'2019-09-09',23,2),(62,'2019-09-09',19,2),(63,'2019-09-09',20,2),(64,'2019-09-08',19,2),(65,'2019-09-11',18,2),(66,'2019-09-13',18,2),(67,'2019-09-13',22,2),(68,'2019-09-15',19,2),(69,'2019-09-02',21,2),(70,'2019-10-06',18,2),(71,'2019-09-16',18,2),(72,'2019-09-16',24,2),(73,'2019-09-26',25,2),(74,'2019-09-17',19,2),(75,'2019-09-27',26,2),(76,'2019-09-26',21,2),(77,'2019-09-24',20,2),(78,'2019-09-30',18,2),(79,'2019-09-23',26,2),(80,'2019-09-26',18,2),(81,'2019-09-23',27,2),(82,'2019-10-01',20,2),(83,'2019-10-01',20,2),(84,'2019-09-29',19,2),(85,'2019-09-29',20,2),(86,'2019-09-27',18,2),(87,'2019-09-28',19,2),(88,'2019-09-27',21,2),(89,'2019-09-22',18,2),(90,'2019-09-02',21,2),(91,'2019-09-25',18,2),(92,'2019-09-16',23,2),(93,'2019-10-09',19,2),(94,'2019-09-19',18,2),(95,'2019-09-19',18,2),(96,'2019-09-20',20,2),(97,'2019-09-20',20,2),(98,'2019-09-17',20,2),(99,'2019-09-20',19,2),(100,'2019-10-09',20,2),(102,'2019-09-20',19,2),(103,'2019-09-04',20,2),(104,'2019-09-16',23,2),(105,'2019-09-19',26,2),(106,'2019-09-18',28,2),(107,'2019-09-20',20,2),(108,'2019-09-18',28,2),(109,'2019-09-05',24,2),(110,'2019-08-30',29,4),(111,'2019-09-07',29,4),(113,'2019-09-09',29,4),(114,'2019-10-09',27,2),(115,'2019-10-09',18,2),(116,'2019-09-09',30,5),(117,'2019-09-10',31,5),(118,'2019-09-26',29,4),(119,'2019-09-27',32,2),(120,'2019-08-30',34,2),(121,'2019-09-01',35,2),(122,'2019-09-20',36,5),(123,'2019-09-20',36,5),(124,'2019-09-20',36,5),(125,'2019-09-20',36,2),(126,'2019-09-26',36,2),(127,'2019-09-26',37,2),(128,'2019-09-30',36,2),(129,'2019-10-01',40,2),(130,'2019-10-04',35,2),(131,'2019-10-05',36,2),(132,'2019-09-09',33,2),(133,'2019-09-06',18,2),(134,'2019-09-07',34,2),(135,'2019-09-13',21,2),(136,'2019-09-13',22,2),(137,'2019-09-14',38,2),(138,'2019-09-15',28,2),(139,'2019-09-18',41,2),(140,'2019-09-20',42,2),(142,'2019-09-26',36,2),(143,'2019-10-03',34,2),(145,'2019-09-27',38,2),(146,'2019-10-03',34,2),(147,'2019-10-06',43,4),(148,'2019-10-07',31,5),(149,'2019-10-08',29,4),(150,'2019-10-08',44,2),(151,'2019-10-09',43,3),(152,'2019-10-09',19,2),(153,'2019-10-15',19,2),(155,'2019-10-13',18,2),(156,'2019-10-14',27,2),(157,'2019-10-13',21,2),(158,'2019-10-13',20,2),(159,'2019-10-13',20,2),(160,'2019-10-12',20,2),(161,'2019-10-11',19,2),(162,'2019-10-11',19,2),(163,'2019-10-11',20,2),(164,'2019-10-11',20,2),(165,'2019-10-14',18,2),(166,'2019-10-10',18,2),(167,'2019-10-10',23,2),(168,'2019-10-11',30,5),(169,'2019-10-16',25,2),(170,'2019-10-15',20,2),(171,'2019-10-16',46,2),(172,'2019-10-16',25,2),(173,'2019-10-16',28,2),(176,'2019-10-14',33,2),(177,'2019-10-15',45,1),(178,'2019-10-12',47,1),(179,'2019-10-14',48,7),(180,'2019-10-16',48,7),(181,'2019-10-19',26,2),(182,'2019-10-19',18,2),(183,'2019-10-18',18,2),(184,'2019-10-18',48,4),(185,'2019-10-19',48,4),(186,'2019-08-28',49,9),(187,'2019-08-28',49,2),(188,'2019-09-30',19,2),(189,'2019-10-10',19,2);
/*!40000 ALTER TABLE `checks` ENABLE KEYS */;
UNLOCK TABLES;

--
-- Table structure for table `contragents`
--

DROP TABLE IF EXISTS `contragents`;
/*!40101 SET @saved_cs_client     = @@character_set_client */;
/*!40101 SET character_set_client = utf8 */;
CREATE TABLE `contragents` (
  `id` int(11) NOT NULL AUTO_INCREMENT,
  `name` char(50) NOT NULL,
  PRIMARY KEY (`id`)
) ENGINE=InnoDB AUTO_INCREMENT=50 DEFAULT CHARSET=utf8;
/*!40101 SET character_set_client = @saved_cs_client */;

--
-- Dumping data for table `contragents`
--

LOCK TABLES `contragents` WRITE;
/*!40000 ALTER TABLE `contragents` DISABLE KEYS */;
INSERT INTO `contragents` VALUES (18,'Пятерочка'),(19,'Продукты'),(20,'Диана'),(21,'Магнит'),(22,'Строймаркет'),(23,'Иванов А. И. (Канцтовары)'),(24,'Яковлева Ю.Е.(Хозмаг)'),(25,'Круглосуточная аптека'),(26,'Аптека в Пятерке'),(27,'Медиамаг'),(28,'РЖД'),(29,'Бадма'),(30,'Родители'),(31,'РФ'),(32,'Тамара Александровна'),(33,'ЖКУ'),(34,'Антон Сочешков'),(35,'Хостинг провайдер Хостиа'),(36,'Тинькофф'),(37,'Ростелеком'),(38,'Мегафон'),(39,'ТКТел'),(40,'Apple'),(41,'Морозовская ДГКБ'),(42,'Сбербанк'),(43,'Лена Петрова'),(44,'ВуменИнсайт'),(45,'ЗДА'),(46,'Верный'),(47,'Биржа копирайтинга'),(48,'Господь'),(49,'Я');
/*!40000 ALTER TABLE `contragents` ENABLE KEYS */;
UNLOCK TABLES;

--
-- Table structure for table `items`
--

DROP TABLE IF EXISTS `items`;
/*!40101 SET @saved_cs_client     = @@character_set_client */;
/*!40101 SET character_set_client = utf8 */;
CREATE TABLE `items` (
  `id` int(11) NOT NULL AUTO_INCREMENT,
  `name` char(50) NOT NULL,
  `category` int(11) DEFAULT NULL,
  PRIMARY KEY (`id`)
) ENGINE=InnoDB AUTO_INCREMENT=171 DEFAULT CHARSET=utf8;
/*!40101 SET character_set_client = @saved_cs_client */;

--
-- Dumping data for table `items`
--

LOCK TABLES `items` WRITE;
/*!40000 ALTER TABLE `items` DISABLE KEYS */;
INSERT INTO `items` VALUES (42,'Пакет',117),(43,'Горох',116),(44,'Йогурт',116),(45,'Рис',116),(46,'Кабачки',116),(48,'Картошка',116),(49,'Груши',116),(50,'Яблоки',116),(51,'Капуста брокколи',116),(52,'Изюм',116),(53,'Творог',116),(54,'Яйца',116),(55,'Хлеб',116),(56,'Пюре детское',116),(57,'Бананы',116),(59,'Сметана',116),(60,'Ряженка',116),(61,'Продукты',116),(62,'Семечки',116),(63,'Сгущеное молоко',116),(64,'Кефир',116),(65,'Шоколад',116),(66,'Капуста белокочанная',116),(67,'Плюшка московская',116),(68,'Сухари с изюмом',116),(69,'Гречка',116),(70,'Колготки капроновые',116),(71,'Подгузники',116),(72,'Хозтовары',117),(73,'Кетчуп',116),(74,'Сосиски',116),(75,'Морс',116),(76,'Печенье',116),(77,'Макароны',116),(78,'Лук',116),(79,'Индейка',116),(80,'Халва',116),(81,'Фисташковый торт',116),(82,'Виноградный сок',116),(83,'Ластик',118),(84,'Вода 5л',116),(85,'Туалетная бумага',122),(86,'Курятина',116),(87,'Подсолнечное масло',116),(88,'Капуста цветная',116),(89,'Мойва',116),(90,'Огурцы',116),(91,'Сладкая смесь',116),(92,'Колбаса',116),(93,'Наждачная бумага',117),(94,'Мочалка',122),(95,'Чипсы нори',116),(96,'Пряники',116),(97,'Вода 0,33',116),(98,'Губки для посуды',117),(99,'Физраствор',120),(100,'Пульмикорт 0,25',120),(101,'Локобейз липокрем',120),(102,'Акридерм мазь',120),(103,'Беродуал',120),(104,'Овсянка',116),(105,'Булочка',116),(106,'Майонез',116),(107,'Чеснок',116),(108,'Три кота игра',121),(109,'Конфеты',116),(110,'Арахис жареный',116),(111,'Мешки для мусора',117),(112,'Стиральный порошок',119),(113,'Свекла',116),(114,'Спички',117),(115,'Канцтовары',118),(116,'ПРОДУКТЫ',NULL),(117,'ХОЗТОВАРЫ',NULL),(118,'КАНЦТОВАРЫ',NULL),(119,'ХИМИЯ',NULL),(120,'МЕДИЦИНА',NULL),(121,'ИГРУШКИ',NULL),(122,'ГИГИЕНА',NULL),(123,'УХОД ЗА ОЛИВИЕЙ',NULL),(124,'ОДЕЖДА',NULL),(125,'Морковь',116),(126,'Ксизал',120),(127,'Билет на электричку',128),(128,'ТРАНСПОРТ',NULL),(129,'Деньги',130),(130,'ДЕНЬГИ',NULL),(131,'Бумага',118),(132,'Хек',116),(133,'Соль',116),(134,'Пшеничная',116),(135,'Сахар',116),(136,'Квартира',137),(137,'ЖИЛЬЕ',NULL),(138,'Коммуналка',137),(139,'Счетчик холодной воды',137),(140,'Счетчик газа',137),(141,'Счетчик электроэнергии',137),(142,'ОБРАЗОВАНИЕ',NULL),(143,'Курсы Сочешкова',142),(144,'Хостинг',145),(145,'САЙТЫ',NULL),(146,'БАНКИ',NULL),(147,'Обслуживание карты',146),(148,'Проценты на остаток по счету',146),(149,'Кешбек',146),(150,'Интернет',152),(151,'Мобильная связь',152),(152,'СВЯЗЬ',NULL),(153,'Аренда оборудования',152),(154,'ХРАНЕНИЕ ИНФОРМАЦИИ',NULL),(155,'Облачное хранилище',154),(156,'Консультация врача',120),(157,'Подписка на курсы',142),(158,'Батарейки',117),(159,'Мыло',122),(160,'Прокладки',122),(161,'Щербет',116),(162,'Чай',116),(163,'Жвачка',116),(164,'ДЕСЯТИНА',NULL),(165,'Десятина',164),(166,'Шампунь',122),(167,'Соя',116),(168,'НЕ УЧТЕНО',NULL),(169,'Не учтено',168),(170,'Вода бивет',116);
/*!40000 ALTER TABLE `items` ENABLE KEYS */;
UNLOCK TABLES;

--
-- Table structure for table `moves`
--

DROP TABLE IF EXISTS `moves`;
/*!40101 SET @saved_cs_client     = @@character_set_client */;
/*!40101 SET character_set_client = utf8 */;
CREATE TABLE `moves` (
  `id` int(11) NOT NULL AUTO_INCREMENT,
  `checkn` int(11) NOT NULL,
  `sum` int(11) DEFAULT NULL,
  `itemn` int(11) DEFAULT NULL,
  `comment` char(200) DEFAULT NULL,
  PRIMARY KEY (`id`)
) ENGINE=InnoDB AUTO_INCREMENT=550 DEFAULT CHARSET=utf8;
/*!40101 SET character_set_client = @saved_cs_client */;

--
-- Dumping data for table `moves`
--

LOCK TABLES `moves` WRITE;
/*!40000 ALTER TABLE `moves` DISABLE KEYS */;
INSERT INTO `moves` VALUES (120,31,500,42,''),(121,32,2899,43,''),(122,32,500,42,''),(123,32,3699,44,''),(124,32,3699,44,''),(125,32,4599,45,''),(126,32,9104,46,''),(127,32,2677,48,''),(128,32,5354,49,''),(129,32,4499,50,''),(130,32,11800,51,''),(131,32,6920,52,''),(132,32,13289,53,''),(133,32,4899,54,''),(134,32,2899,55,''),(135,32,3899,56,''),(136,32,6253,57,''),(137,32,6199,59,''),(138,32,3299,56,''),(139,32,3789,60,''),(140,33,3200,61,''),(141,34,13000,61,''),(142,35,13700,61,''),(143,36,10700,61,''),(144,37,2249,55,''),(145,37,2167,48,''),(146,37,3999,62,''),(147,37,7200,63,''),(148,38,12900,61,''),(149,39,500,42,''),(150,39,2899,55,''),(151,39,5289,64,''),(152,39,3799,65,''),(153,39,4699,54,''),(154,39,3308,66,''),(155,39,2380,67,''),(156,39,3999,68,''),(157,39,3575,49,''),(158,39,2640,50,''),(159,39,2699,57,''),(160,39,3910,69,''),(161,40,13900,70,''),(162,41,89900,71,''),(163,42,11300,72,''),(164,43,12000,61,''),(165,44,7500,61,''),(166,45,5500,61,''),(167,46,22800,61,''),(168,47,4000,61,''),(169,48,43300,61,''),(170,49,6400,61,''),(171,50,500,42,''),(172,50,5191,57,''),(173,50,4699,56,''),(174,50,4699,56,''),(175,50,4999,73,''),(176,50,2376,50,''),(177,50,8999,74,''),(178,50,4999,54,''),(179,50,9389,75,''),(180,50,8299,76,''),(181,51,41800,61,''),(182,52,6500,61,''),(183,53,7900,61,''),(184,54,500,42,''),(185,54,5189,44,''),(186,54,2899,55,''),(187,54,4699,56,''),(188,54,4699,56,''),(189,54,4999,77,''),(190,55,17900,61,''),(191,56,6500,61,''),(192,57,500,42,''),(193,57,5998,56,''),(194,57,2899,55,''),(195,57,4809,57,''),(196,57,1740,50,''),(197,57,4599,45,''),(198,57,3999,68,''),(199,57,4999,77,''),(200,57,2309,69,''),(201,57,13289,53,''),(202,57,2283,48,''),(203,57,5389,64,''),(204,57,2289,78,''),(205,57,23989,79,''),(206,57,4999,80,''),(207,57,6199,59,''),(208,57,4699,54,''),(209,58,500,42,''),(210,58,8399,62,''),(211,58,2999,56,''),(212,58,2999,56,''),(213,58,15999,81,''),(214,58,9999,82,''),(215,58,2899,55,''),(216,59,4900,61,''),(217,60,3700,61,''),(218,61,1500,83,''),(219,62,6300,61,''),(220,63,9500,61,''),(221,64,4200,61,''),(222,65,450,42,''),(223,65,2960,84,''),(224,65,7199,44,''),(225,65,11960,53,''),(226,65,5579,59,''),(227,65,2078,69,''),(228,65,8999,85,''),(229,65,20699,79,''),(230,65,20663,86,''),(231,65,2609,55,''),(232,65,4409,54,''),(233,65,6999,87,''),(234,66,500,42,''),(235,66,13300,88,''),(236,66,15400,89,''),(237,66,6297,66,''),(238,66,500,42,''),(239,66,3474,90,''),(240,66,12300,92,''),(241,66,2310,50,''),(242,66,6199,59,''),(243,66,7999,44,''),(244,66,3999,65,''),(245,66,8650,62,''),(246,66,7999,91,''),(247,66,6920,52,''),(248,66,2899,55,''),(249,66,4223,57,''),(250,66,3998,67,''),(251,66,13289,53,''),(252,67,3200,93,''),(253,68,14300,61,''),(254,69,7070,94,''),(255,70,2124,66,''),(256,70,1503,78,''),(257,70,5289,64,''),(258,70,1267,48,''),(259,70,4939,45,''),(260,70,2943,50,''),(261,70,3999,62,''),(262,70,23600,79,''),(263,70,4999,77,''),(264,70,2860,49,''),(265,70,3499,95,''),(266,70,2899,55,''),(267,70,3699,96,''),(268,70,4699,54,''),(269,70,3475,57,''),(270,70,3699,96,''),(271,70,13327,86,''),(272,71,500,42,''),(273,71,4299,69,''),(274,71,4039,45,''),(275,71,4307,49,''),(276,71,1755,50,''),(277,71,8876,46,''),(278,71,4899,54,''),(279,71,2999,56,''),(280,71,5389,64,''),(281,71,2999,56,''),(282,71,2999,56,''),(283,71,2999,56,''),(284,71,2570,97,''),(285,71,3299,60,''),(286,71,13289,53,''),(287,71,4796,57,''),(288,71,6199,59,''),(289,71,2899,55,''),(290,72,3800,98,''),(291,73,5000,99,''),(292,74,7000,61,''),(293,75,92850,100,''),(294,75,68900,101,''),(295,75,12800,102,''),(296,76,34900,71,''),(297,77,3000,61,''),(298,78,500,42,''),(299,78,7999,68,''),(300,78,14999,86,''),(301,78,1343,78,''),(302,78,2699,69,''),(303,78,7200,45,''),(304,78,3500,76,''),(305,78,4499,54,''),(306,78,23989,79,''),(307,78,3999,62,''),(308,78,2899,55,''),(309,78,3900,49,''),(310,79,27950,103,''),(311,80,500,42,''),(312,80,2699,69,''),(313,80,2118,48,''),(314,80,989,104,''),(315,80,4039,45,''),(316,80,4999,77,''),(317,80,5289,64,''),(318,80,1699,67,''),(319,80,6999,87,''),(320,80,989,104,''),(321,80,2699,105,''),(322,80,11900,92,''),(323,80,5499,106,''),(324,80,5499,76,''),(325,80,4498,55,''),(326,80,500,42,''),(327,80,4032,49,''),(328,80,3063,50,''),(329,80,4899,54,''),(330,80,600,107,''),(331,80,2879,57,''),(332,81,69000,108,''),(333,82,4100,61,''),(334,83,6500,61,''),(335,84,21600,61,''),(336,85,5600,61,''),(337,86,500,42,''),(338,86,500,42,''),(339,86,4949,76,''),(340,86,6999,109,''),(341,86,2050,110,''),(342,86,3700,62,''),(343,86,3499,95,''),(344,87,4200,61,''),(345,88,5900,111,''),(346,88,32900,112,''),(347,89,500,42,''),(348,89,3971,66,''),(349,89,1231,78,''),(350,89,4224,57,''),(351,89,4999,77,''),(352,89,4039,45,''),(353,89,2249,55,''),(354,89,4899,54,''),(355,89,345,113,''),(356,90,32900,112,''),(357,90,89900,71,''),(358,91,1299,114,''),(359,92,8500,115,''),(360,93,4200,61,''),(361,94,4039,45,''),(362,94,2589,69,''),(363,94,500,42,''),(364,94,13289,53,''),(365,94,410,125,''),(366,94,2631,48,''),(367,94,7999,44,''),(368,94,5147,57,''),(369,94,4899,54,''),(370,94,20719,86,''),(371,94,2899,55,''),(372,94,23989,79,''),(373,94,6199,59,''),(374,94,1495,50,''),(375,94,4288,49,''),(376,95,500,42,''),(377,96,12500,61,''),(378,97,400,42,''),(379,98,22800,61,''),(380,99,4500,61,''),(381,100,15300,61,''),(383,102,5500,61,''),(384,103,6500,61,''),(385,104,5500,115,''),(386,105,53700,126,''),(387,106,9640,127,''),(388,107,3000,61,''),(389,108,30400,127,''),(390,109,12000,72,''),(391,110,300000,129,'Взяли в долг'),(392,111,100000,129,''),(394,113,500000,129,''),(395,114,29000,131,''),(396,115,1913,48,''),(397,115,2592,134,''),(398,115,2420,135,''),(399,115,17460,132,''),(400,115,2889,77,''),(401,115,3519,69,''),(402,115,4760,64,''),(403,115,3599,68,''),(404,115,2000,50,''),(405,115,3999,65,''),(406,115,3799,76,''),(407,115,755,133,''),(408,115,2609,55,''),(409,115,4499,54,''),(410,115,6110,49,''),(411,116,300000,129,''),(412,117,655489,129,''),(413,118,2000000,129,''),(414,119,1100000,136,'Квартплата за сентябрь'),(415,120,299000,143,''),(416,121,6533,144,''),(417,122,22,149,''),(418,123,2900,149,''),(419,124,22,148,''),(420,125,5859,147,''),(421,126,41,147,''),(422,126,4959,147,''),(423,127,45000,150,''),(424,128,4941,147,''),(425,129,5900,155,''),(426,130,6332,144,''),(427,131,500,147,'Привязка к ETXT'),(428,131,101,147,'Привязка к ЯМ'),(429,132,188800,138,''),(430,133,38794,61,''),(431,134,50000,143,''),(432,135,11990,61,''),(433,136,12200,72,''),(434,137,10000,151,''),(435,138,47500,127,''),(436,139,300000,156,''),(437,140,3000,147,''),(439,142,39600,151,''),(440,143,10000,143,''),(442,145,100000,147,''),(443,146,10000,143,''),(444,147,100000,129,''),(445,148,401755,129,''),(446,149,200000,129,''),(447,150,72238,157,'на материалы за октябрь'),(448,151,100000,129,''),(449,152,4000,61,''),(450,153,4000,61,''),(464,155,4489,45,''),(465,155,1800,85,''),(466,155,500,42,''),(467,155,4999,54,''),(468,155,1451,48,''),(469,155,1805,78,''),(470,155,1825,50,''),(471,155,7999,87,''),(472,155,3767,57,''),(473,155,3828,49,''),(474,155,4999,77,''),(475,156,1600,158,''),(476,157,8500,159,''),(477,157,11900,160,''),(478,158,400,42,''),(479,159,32200,61,''),(480,160,25500,61,''),(481,161,4300,61,''),(482,162,8500,61,''),(483,163,3400,61,''),(484,164,10200,61,''),(485,165,500,42,''),(486,165,2899,55,''),(487,165,3999,161,''),(488,165,3999,68,''),(489,165,2499,162,''),(490,166,2720,163,''),(491,166,3499,95,''),(492,166,5999,82,''),(493,167,800,115,''),(494,168,200000,129,'Первая зарплата мамы'),(495,169,4400,99,''),(496,170,6100,61,''),(497,171,4699,54,''),(498,171,500,42,''),(499,171,3290,77,''),(500,171,3290,68,''),(501,171,5990,85,''),(502,171,17933,79,''),(503,171,2799,69,''),(504,171,5299,64,''),(505,172,57000,126,''),(506,173,32700,127,'тарусская-каланчевская'),(507,173,32700,127,'каланчевская-тарусская'),(510,176,247100,138,''),(511,177,187900,129,'Зарплата за сентябрь'),(512,178,63855,129,''),(513,179,26000,165,'с подарка родителей и заработка на бирже копирайтинга'),(514,180,20000,165,'с зарплаты в ЗДА'),(515,181,94100,100,''),(516,182,9999,166,''),(517,182,2810,48,''),(518,182,8123,57,''),(519,182,3246,78,''),(520,182,4319,50,''),(521,182,7344,49,''),(522,182,4110,106,''),(523,182,4498,55,''),(524,182,4110,68,''),(525,182,5140,80,''),(526,182,3999,161,''),(527,182,10655,132,''),(528,182,18599,79,''),(529,182,5760,62,''),(530,182,1000,42,''),(531,183,2899,55,''),(532,183,2899,55,''),(533,183,6790,167,''),(534,183,4489,45,''),(535,183,2186,66,''),(536,183,9100,52,''),(537,183,4989,62,''),(538,183,13289,53,''),(539,183,2001,48,''),(540,183,4999,59,''),(541,183,1732,78,''),(542,183,4124,50,''),(543,183,4110,68,''),(544,184,100000,165,'Взяли из десятины'),(545,185,200000,165,'Взяли из десятины'),(546,186,599670,129,'Остатки с августа месяца'),(547,187,32951,169,''),(548,188,100000,170,'за месяц'),(549,189,45431,170,'за месяц');
/*!40000 ALTER TABLE `moves` ENABLE KEYS */;
UNLOCK TABLES;

--
-- Table structure for table `types`
--

DROP TABLE IF EXISTS `types`;
/*!40101 SET @saved_cs_client     = @@character_set_client */;
/*!40101 SET character_set_client = utf8 */;
CREATE TABLE `types` (
  `id` int(11) NOT NULL,
  `name` char(50) DEFAULT NULL
) ENGINE=InnoDB DEFAULT CHARSET=utf8;
/*!40101 SET character_set_client = @saved_cs_client */;

--
-- Dumping data for table `types`
--

LOCK TABLES `types` WRITE;
/*!40000 ALTER TABLE `types` DISABLE KEYS */;
INSERT INTO `types` VALUES (1,'Заработали'),(2,'Покупка'),(3,'Вернули долг'),(4,'Взяли в долг'),(5,'Приняли в подарок'),(6,'Подарили'),(7,'Десятина'),(8,'Дали в долг'),(9,'Ввод остатков');
/*!40000 ALTER TABLE `types` ENABLE KEYS */;
UNLOCK TABLES;
/*!40103 SET TIME_ZONE=@OLD_TIME_ZONE */;

/*!40101 SET SQL_MODE=@OLD_SQL_MODE */;
/*!40014 SET FOREIGN_KEY_CHECKS=@OLD_FOREIGN_KEY_CHECKS */;
/*!40014 SET UNIQUE_CHECKS=@OLD_UNIQUE_CHECKS */;
/*!40101 SET CHARACTER_SET_CLIENT=@OLD_CHARACTER_SET_CLIENT */;
/*!40101 SET CHARACTER_SET_RESULTS=@OLD_CHARACTER_SET_RESULTS */;
/*!40101 SET COLLATION_CONNECTION=@OLD_COLLATION_CONNECTION */;
/*!40111 SET SQL_NOTES=@OLD_SQL_NOTES */;

-- Dump completed on 2019-10-20 19:27:43
